{
  "images" : [
    {
      "size" : "29x29",
      "idiom" : "iphone",
      "filename" : "GIFiconiPhoneSpootlight5_29pt@2x.png",
      "scale" : "2x"
    },
    {
      "size" : "29x29",
      "idiom" : "iphone",
      "filename" : "GIFiconiPhoneSpootlight5_29pt@3x.png",
      "scale" : "3x"
    },
    {
      "size" : "60x45",
      "idiom" : "iphone",
      "filename" : "iMessage-iPhoneMessages2x.png",
      "scale" : "2x"
    },
    {
      "size" : "60x45",
      "idiom" : "iphone",
      "filename" : "iMessage-iPhoneMessages3x.png",
      "scale" : "3x"
    },
    {
      "size" : "29x29",
      "idiom" : "ipad",
      "filename" : "GIFiconstore_1024ptiPadSpootlight5_29pt@2x.png",
      "scale" : "2x"
    },
    {
      "size" : "67x50",
      "idiom" : "ipad",
      "filename" : "iMessage-iPadMessages2x.png",
      "scale" : "2x"
    },
    {
      "size" : "74x55",
      "idiom" : "ipad",
      "filename" : "iMessage-iPadProMessages2x.png",
      "scale" : "2x"
    },
    {
      "size" : "1024x1024",
      "idiom" : "ios-marketing",
      "filename" : "GIFiconstore_1024pt.png",
      "scale" : "1x"
    },
    {
      "size" : "27x20",
      "idiom" : "universal",
      "filename" : "iMessage-Messages-27x20-2x.png",
      "scale" : "2x",
      "platform" : "ios"
    },
    {
      "size" : "27x20",
      "idiom" : "universal",
      "filename" : "iMessage-Messages-27x20-3x.png",
      "scale" : "3x",
      "platform" : "ios"
    },
    {
      "size" : "32x24",
      "idiom" : "universal",
      "filename" : "iMessage-Messages-32x24-2x.png",
      "scale" : "2x",
      "platform" : "ios"
    },
    {
      "size" : "32x24",
      "idiom" : "universal",
      "filename" : "iMessage-Messages-32x24-3x.png",
      "scale" : "3x",
      "platform" : "ios"
    },
    {
      "size" : "1024x768",
      "idiom" : "ios-marketing",
      "filename" : "iMessage-AppStore.png",
      "scale" : "1x",
      "platform" : "ios"
    }
  ],
  "info" : {
    "version" : 1,
    "author" : "xcode"
  }
}